{
  "memory-coordinator": {
    "total": 1,
    "successful": 1,
    "failed": 0,
    "totalDuration": 0.0009000000000014552,
    "actions": [
      {
        "id": "memory-coordinator-1764646318663",
        "action": "spawn",
        "duration": 0.0009000000000014552,
        "success": true,
        "timestamp": 1764646318673
      }
    ]
  },
  "smart-agent": {
    "total": 1,
    "successful": 1,
    "failed": 0,
    "totalDuration": 0.0005000000001018634,
    "actions": [
      {
        "id": "smart-agent-1764646327212",
        "action": "spawn",
        "duration": 0.0005000000001018634,
        "success": true,
        "timestamp": 1764646327221
      }
    ]
  },
  "coder": {
    "total": 1,
    "successful": 1,
    "failed": 0,
    "totalDuration": 0.0007000000000516593,
    "actions": [
      {
        "id": "coder-1764646343305",
        "action": "spawn",
        "duration": 0.0007000000000516593,
        "success": true,
        "timestamp": 1764646343315
      }
    ]
  },
  "researcher": {
    "total": 1,
    "successful": 1,
    "failed": 0,
    "totalDuration": 0.0009000000000014552,
    "actions": [
      {
        "id": "researcher-1764646350477",
        "action": "spawn",
        "duration": 0.0009000000000014552,
        "success": true,
        "timestamp": 1764646350487
      }
    ]
  },
  "tester": {
    "total": 1,
    "successful": 1,
    "failed": 0,
    "totalDuration": 0.0009999999999763531,
    "actions": [
      {
        "id": "tester-1764646357575",
        "action": "spawn",
        "duration": 0.0009999999999763531,
        "success": true,
        "timestamp": 1764646357587
      }
    ]
  },
  "reviewer": {
    "total": 1,
    "successful": 1,
    "failed": 0,
    "totalDuration": 0.0007000000000516593,
    "actions": [
      {
        "id": "reviewer-1764646364796",
        "action": "spawn",
        "duration": 0.0007000000000516593,
        "success": true,
        "timestamp": 1764646364811
      }
    ]
  },
  "planner": {
    "total": 1,
    "successful": 1,
    "failed": 0,
    "totalDuration": 0.0007000000000516593,
    "actions": [
      {
        "id": "planner-1764646372334",
        "action": "spawn",
        "duration": 0.0007000000000516593,
        "success": true,
        "timestamp": 1764646372343
      }
    ]
  }
}